<?xml version="1.0" encoding="UTF-8"?>
<!DOCTYPE dwr PUBLIC "-//GetAhead Limited//DTD Direct Web Remoting 2.0//EN" "http://getahead.org/dwr/dwr20.dtd">
<dwr>
     <allow>
          <create creator="spring" javascript="loginService">
              <param name="beanName" value="loginService"></param>
          </create>
          <convert converter="bean" match="com.model.TKecheng">
              <param name="include" value="kechengId,kechengName"></param>
          </convert>
          <convert converter="bean" match="com.model.TShiti">
              <param name="include" value="shitiId,shitiName"></param>
          </convert>
          <convert converter="bean" match="com.model.TStu">
              <param name="include" value="stuId,stuRealname"></param>
          </convert>
     </allow>
</dwr>