<?xml version="1.0" encoding="utf-8"?>
<!DOCTYPE hibernate-mapping PUBLIC "-//Hibernate/Hibernate Mapping DTD 3.0//EN"
"http://hibernate.sourceforge.net/hibernate-mapping-3.0.dtd">
<!-- 
    Mapping file autogenerated by MyEclipse Persistence Tools
-->
<hibernate-mapping>
    <class name="com.model.TFenshu" table="t_fenshu" schema="dbo" catalog="db_exam">
        <id name="fenshuId" type="java.lang.Integer">
            <column name="fenshu_id" />
            <generator class="increment" />
        </id>
        <property name="shitiId" type="java.lang.Integer">
            <column name="shiti_id" />
        </property>
        <property name="stuId" type="java.lang.Integer">
            <column name="stu_id" />
        </property>
        <property name="fenshu" type="java.lang.Integer">
            <column name="fenshu" />
        </property>
    </class>
</hibernate-mapping>
