<?xml version="1.0" encoding="utf-8"?>
<!DOCTYPE hibernate-mapping PUBLIC "-//Hibernate/Hibernate Mapping DTD 3.0//EN"
"http://hibernate.sourceforge.net/hibernate-mapping-3.0.dtd">
<!-- 
    Mapping file autogenerated by MyEclipse Persistence Tools
-->
<hibernate-mapping>
    <class name="com.model.TShiti" table="t_shiti" schema="dbo" catalog="db_exam">
        <id name="shitiId" type="java.lang.Integer">
            <column name="shiti_id" />
            <generator class="increment" />
        </id>
        <property name="shitiName" type="java.lang.String">
            <column name="shiti_name" length="50" />
        </property>
        <property name="shitiJieshao" type="java.lang.String">
            <column name="shiti_jieshao" length="500" />
        </property>
        <property name="shitiShijian" type="java.lang.String">
            <column name="shiti_shijian" length="500" />
        </property>
        <property name="del" type="java.lang.String">
            <column name="del" length="50" />
        </property>
    </class>
</hibernate-mapping>
