<?xml version="1.0" encoding="utf-8"?>
<!DOCTYPE hibernate-mapping PUBLIC "-//Hibernate/Hibernate Mapping DTD 3.0//EN"
"http://hibernate.sourceforge.net/hibernate-mapping-3.0.dtd">
<!-- 
    Mapping file autogenerated by MyEclipse Persistence Tools
-->
<hibernate-mapping>
    <class name="com.model.TTimuShiti" table="t_timu_shiti">
        <id name="id" type="java.lang.Integer">
            <column name="id" />
            <generator class="increment" />
        </id>
        <property name="shitiId" type="java.lang.Integer">
            <column name="shitiId" />
        </property>
        <property name="timuId" type="java.lang.Integer">
            <column name="timuId" />
        </property>
    </class>
</hibernate-mapping>
